session_id,prompt_code
1c899ff3ee85499e966e3d323ea7b62d,life
4bae9c4fdae94f78878c3fd9b8445b07,progress
1b388df4dfe946ffa0e3bdb8ad6ea450,life
3b70804e4bf545659e78a4ccf6bcb999,progress
d6a78532269b4b72a7f27de08a430fbf,theory
d591582d7dd64a1f9c5c269d0259f764,theory
85d13b022ddf4d0db643fd10848ec8ef,progress
999cd841f4514f24b8c9302e2a10ab6b,idea
a7a170a160e049dcad4450a11b9bd076,progress
da915fd2cd97442f804d4e28d053ff01,life
a0b01893301d4a46a6f1453172599c07,idea
1e960ee6bbbc4645bd351940e61d1a62,idea
9d6f2d7737ea4372ba02f7f105f19756,progress
93a19a81ca6a4054908ef4abc80615ca,life
d5438d6b1cb64b0ea4c0b1ed88f10670,progress
6ce746e3539341158345ad78fdbba2b5,progress
ab3cdc0f6b4844f7a2f5dcbedc746514,theory
2124c17266db4acfaab08a101b6e684e,theory
4eeae5e084aa403f9a12f1e52915b1e7,idea
82acf0cad70d4bc199c2b638494bf4f1,progress
acdd67745bad495d9f86a19cc2b7e9c6,life
5f77f004a7c0432db3a125c33f327227,life
a2b37d0fe0094c7f8856fc1ac6cddcb3,theory
0b4b1032e90c4246a0eebf393c1549c4,life
785c4e6cac0042f683b96c1297000f18,theory
256fbab48a4840fa9ea13f7d20ac5f21,life
c5bb66e998b243e9a70bf2b0461c0022,progress
f57b1b8c1a08454485d9163db78bc076,idea
8d89244ecdb44c549458fd63c321ad15,idea
2ca9c21fc1244776a4eba368d994adf3,progress
21e6a6ef7b28474e831ba7ab008026d8,theory
fdf3c05e952143dda12f3baab5b8dae6,idea
2a4fd1f013414b5a851cf7086fafba47,progress
e6a4ace4a1404d73add4e8e90cf724bc,progress
30d8f4f77d784e6b818e1bd422fbbb8f,life
3d7fba559b374f638365bbffd90d1a31,theory
b68deb6852b94aa99945873d57c0d33a,progress
5af1f4845903443789b52c7dbaac2c7d,life
fca9e733add34525a0ad088f8ddf2f93,theory
19da2035279f4beb96d654315597b5ea,life
2158c4e6f37e4473ad3a13ddbae7e44d,theory
09222fd5ee2b4ec1a40e9b95f06f1bbe,progress
935bff283311452db68b7fed6a4ed108,theory
70be44eb7dc448048b76eafbebeed6bc,theory
3bc396bac5724e60b1149a36f4694dcc,life
434b8f3af2944bd8923e96363e56c782,progress
2a64660516414bb5a777671127cf19ed,idea
6974535619244ad4a883e684caa10e7d,progress
bc02235155ab4c048079b81b11ca48e8,idea
4055067c9aa2445a84391f68d2cb9a0f,life
5aedf26f952b457aa9941dd698b9460a,theory
17bace937354474091c7a7f58be1c350,theory
07dcdbfc71674e3d961d72f669d9f884,progress
646c1435b6014f37984be8ddb07f0128,idea
ca341fbaf52f4390b28719962b6f335d,life
e6344587418d456ab50514249ff0ac59,progress
f3045172fd2b44abb01fbcc0b1bc1b47,theory
72d14053f2064aa5943fd083b1fe1570,life
e1c9f72a89cb452489035a5a737c563c,theory
809722203150434f9a54ed6282d1776f,theory
4f340489c48041b4ba356b2ddbe33e2e,life
b41709a2fbd241c19ab53c61a170c9d7,progress
e44a82680c084dc683695b4d2c8daf1a,progress
ec219f50b91749acbe53d80cf3e2b7f1,life
0f1d9c7bb3b44faa8762f8e77c22a179,progress
4095e767e2d244b9a77d523a9f22f277,idea
35b6a964c070462bb81c0c01809cc35f,progress
e2ebdeff067f44e89351d612870264c6,life
2661c5a1cce14e28993880d48da80589,progress
9a8931a092164d5fb5db678b19f4d570,progress
941ebf86564b445d93815ec10cf8c796,idea
88e1407f2065477f9cc3793d77d3b4e6,progress
fba5034572ba4c5b913e24ae709d5340,life
e8608c2b11034eaa8544e13f4b9a36bc,progress
6c691ce01edb446090c67216315e3fed,idea
f279282f8f724c989be2b89b0160b6d5,life
fa5f824d10b14726aeed1f17bd7c92e9,progress
b601e8783a6a47a3bdcae9ecdfe4bde5,life
2d4aadf6b587430c8e6e5bb6df116b46,idea
98c70292fd1c438b82cad85d952d5547,idea
a79b96aa3b0f4944b5e9be0e34c8ddfc,theory
56b14ae278cb42b895339be9c5095e70,life
9bb9e93a32c644a29c5e1f6042c07ff5,idea
a60130ad6f364cafba4d28027aba9448,theory
1a6cda9fd3df492c855c71d23c6849d9,life
26ec0cd67a124c7cb6c94f832427e35b,theory
cfe3859d7f914121b95bc8bb13ff7b73,idea
30d906214c7245a094ff0ca87bf2328b,theory
fb933e65b85940ed9d7bd567f4f3744d,theory
e4a3a032e4b142ef83e67b6b355ae484,idea
654d884fae79461aafadbc360c603a96,theory
ce3ca23373624c4980bd65bca0558427,life
9bc7c17db0ad4f74874495531a0212b3,idea
b8cc930ae7b649c4b48bbbb3319c945b,progress
b516db3b74174968b13ac76693ba4354,theory
949e0efde52a4121869230cece811270,progress
a855d109d86a4d9aa17da60ae39755ed,life
d6d9f8d3b3a64e5db5cf0443508dc94c,theory
0e14dcddef4541c2b8a7520ebc10ae75,progress
1e727d1a517247a1acf3b1067debe61b,life
2d73e26ef431469ca86259827ceab2fb,theory
3c39ad08c59f417289c1f00331294d92,life
ed91e5b38ba44a7eba2f88be952a9057,idea
