session_id,judge_score,length,AI_ratio,sum_semantic_score,prompt_code
00bf170a815a42359f3aef35f5674ddc,6,2236.0,0.2302771855010661,4.553331775199052,athletes
017c174e78ca46248ae1f6b43d5500d8,7,1544.0,0.3316666666666666,8.7891473898091,pads
01bc6cf8deb24d5e8877daac7cb4d086,7,1959.0,0.2806414662084765,7.264702563289275,audiobook
01e3a2f5c2a442fe9225e0c9ef56a5f5,6,1933.0,0.0796915167095115,4.432842790002671,screen
024f6a5d399545ceb4e9482fe575aa51,7,3059.0,0.116575591985428,6.07184708644984,screen
027db48dd5c84f9ebe6a19c5ac9ce502,6,2254.0,0.2838345864661654,8.580433415386945,news
02aa8f6a107341ceb9cd2ef1a43da832,7,2148.0,0.2032563025210084,6.930250342112481,dating
03f76432a1e149e1887c28daf15807f0,7,2036.0,0.5458515283842795,6.898150630866145,stereotype
0435d4e4088e4592a339c301328c157c,7,1943.0,0.1716621253405994,7.280546247028499,audiobook
04cb21c58e7845ae9eb740c4756731ed,6,1629.0,0.2783435166327223,5.397516365008562,audiobook
04ebdfae0edc4adcb7e59ff060b45e72,6,2742.0,0.0180630284396618,1.5840126722256125,stereotype
06239d83b27840aaa169512cc8babda0,7,3114.0,0.098088373550611,5.429611433406181,extremesports
06a646f4746648eebec3e1869b713d7e,7,2053.0,0.3151878062057703,6.741374920754583,school
06bfae7a7e804288accd988a9d2259dd,7,1702.0,0.2409297052154195,6.346554897352234,news
07052b6123424ad2b3aadfb9910d0fc4,6,2794.0,0.02679307502061,2.7715641119036647,extremesports
0762e9fe57434dae90b272429428357b,7,1829.0,0.4670623145400593,7.9355198813289425,dating
07dab80e78f24a8bb09384e9067719d0,7,1849.0,0.6785206258890469,8.77440174912753,screen
08182f9617eb4a5ea65ace997be70b9b,6,2045.0,0.6099099099099099,8.802224617288585,athletes
08b1a2012f4d4115b56cc8231449ff48,6,4016.0,0.7740516767454645,21.22816729091528,extremesports
0921c359278b4b64b572a816ffe67ffc,6,4011.0,0.0,1.0,athletes
092396c287e54c3d9454ba20bb1ccc83,8,2741.0,0.3393810032017075,6.642980608063439,athletes
093bf29840194d24ba2b828b3a6e04cd,6,2236.0,0.0412821758135017,2.8417663393820924,audiobook
09644506674341f5b14e0d62c88ee70a,6,2168.0,0.1590810576506285,5.714606092515065,pads
09770cd9061f456fa6d82db00b43a0bd,5,2372.0,0.3508182962652119,11.682498097612669,stereotype
0a08f7fd748246c8ad4e353edb7e2394,5,2232.0,0.0,1.5087304301026525,pads
0a83297c1ce94d15b358d79e533396c7,7,4008.0,0.1645195920558239,6.358633705143739,screen
0b755c9e2338496587d0b88471056e6b,8,2031.0,0.3076923076923077,4.900731320715992,school
0b7c8c2c9e9141e3874e5782b3c41ea1,7,1606.0,0.1124057573680603,2.5184597390620445,news
0bad9cbc52854c13a1b982195f7face2,7,4381.0,0.8188334157192289,20.382182634515225,dating
0bcb6a7180d64d7c9af732f3ad5aff51,7,1793.0,0.0768772348033373,3.965332556310585,dating
0be30355c4764eafa7a8939b9c2b42dd,6,3132.0,0.0,2.314167168789594,animal
0c386c86781946b8a979914d10d70408,7,2402.0,0.0837962962962963,3.953420787609376,news
0cdb0e3ec5a64d018bb724e707296523,7,1923.0,0.1409574468085106,5.363902131701073,audiobook
0f44162d5cef4e95bc4400529003a066,7,3269.0,0.1766192733017377,5.148931316163421,school
1049b04745b44e7fa2a50d98321c2026,6,1919.0,0.1144827586206896,5.245542771357685,animal
1059f00ce0f042808d27139c2a2ca9c5,5,1607.0,0.5589273112208892,7.482566620842493,news
108dc8943a93452cb3d9321ceab2e989,8,1962.0,0.2148111819519372,3.40850702275678,school
114dfaf5c4a0437880b6829c92b9dce8,7,1964.0,0.2845036319612591,5.78857872850744,screen
1187e9a42efb4890942bb7963eb0df4a,7,2901.0,0.7947275922671353,17.052988224478675,news
118ff30fb8c848a9bdfad3c79a0143be,7,2047.0,0.1306425916091343,5.121125345735485,pads
11914c731ffe464791f9cb2b375f4d70,7,1404.0,0.2597402597402597,4.50575791525229,audiobook
12c7f30c5ba146e2a880fac46bc1e27c,6,1267.0,0.3235572374645222,4.931755579611295,stereotype
13746247c1024f0493dca4d1d2173719,7,1889.0,0.2464396284829721,5.295389714315459,pads
13b2ae3d425e4b76b887182418ba4f58,7,3204.0,0.2383831954169319,9.441421786275225,news
14c0fb6353864b748f56af9aae22343c,6,3152.0,0.4766123316796598,14.696486119677576,extremesports
151f3551721e4c6fb81c52dac6217a5c,7,1529.0,0.2118702553485162,7.29300835317377,dating
1524055efcec4b43b192c6b706e44b1e,7,1641.0,0.7121478873239436,10.825530702716678,animal
15a3a2aac98e48af9335bbdb3611892d,8,2332.0,0.5570156846121238,14.524047365157507,news
1666138deed446cdaa2afc26f72aa18b,7,1895.0,0.4613526570048309,6.651829741984491,extremesports
181976aad3154801b8c380e9afc99410,7,2160.0,0.0,1.0,pads
185067c797e34884b1408a69680fe28a,7,1963.0,0.0,1.0,news
1855af9b837c4635a227739875aae193,7,1860.0,0.2371495327102804,9.25046554771474,school
1869b9eca05c4d7bba240afdabbb72e5,6,2767.0,0.1375598086124402,6.011669702473264,animal
193eacf06dee44f788a52e1d2652419b,7,1969.0,0.0769230769230769,3.9883589247848095,pads
19e0638afb10418090e98d1da3e7de55,8,3860.0,0.0390563564875491,5.125745795311577,school
1ab526811cb04829be91e2ac7fd18b67,7,1682.0,0.1199143468950749,4.690969913920834,pads
1b15da4de55047cf85b1ca1adbb860a6,7,2756.0,0.0,1.0,dating
1b693f634f3047d6aa0bfafd486fcd51,6,1850.0,0.2005141388174807,6.153067618069224,dating
1bb5ec50edd24bd8a1c6a6aad602b613,7,2221.0,0.4567841622404635,8.480360936652948,audiobook
1c5622c21c424b91a8325faa0c5e753e,7,2098.0,0.8405879027699266,9.030146228633386,dating
1c6fcfe3faf4499bad4a08f36fb0e941,7,2125.0,0.0,1.0,stereotype
1c79fdd1a6c1412990b6abd4c7b57587,6,2015.0,0.467379077615298,6.028592246251504,school
1ca38e46688e4a758b4c626ce2ba2ff6,6,2421.0,0.3048026628625773,10.864811537043687,extremesports
1cb5822da5794e2a8bb6346c4959a4e3,7,2853.0,0.0270764727405781,2.588652985401532,audiobook
1d62258005fb48a481225aed62066b36,6,2906.0,0.6142515923566879,10.44645019787628,screen
1d6b400514a04f3fab52502ea74b2d2d,6,1696.0,0.1165972635336109,3.265208782837068,news
1ece5cdde9bc44439c5f117d31e73dbf,7,1767.0,0.1841941505911636,4.984565241348789,audiobook
1fd40d445a5f4fa6af359b4452866eb1,7,1467.0,0.1695553880934438,6.0250845992959405,audiobook
203f7cabc70f4567880fcf12c27aad39,5,1509.0,0.6954156954156954,7.810979982774562,audiobook
2082492048fb4cf1b71ca0db882614c0,6,1542.0,0.466867469879518,8.764737578755263,animal
2098ac5fee1e439ba40f9f63c679835e,7,2429.0,0.1865524060646012,3.7047999444294,athletes
20be391a8fee48709aca74a7c24fac86,7,2929.0,0.3016869360533543,9.593398926142616,animal
2160426dc41f493dae05e8ca84ae5a1f,8,1751.0,0.2410313901345291,5.506814793441928,stereotype
21c3924c87fe4c8397bd84b3dce54dc5,7,1886.0,0.4794933655006031,8.091311642881038,school
221820be7d8945f99af46d423ad57864,7,3285.0,0.1358574610244989,5.640482988583197,screen
2299e07da7d34d62954cd8e2ba239afb,7,1960.0,0.0389129092032118,1.7709473890113674,animal
22fb1316d9cd447ab4a36bff209e7e66,5,3356.0,0.5036297640653358,19.71905114630264,stereotype
232312a7bc284724b78c9c71c2b90afa,7,2765.0,0.4268147560491868,21.40102486550641,screen
23b5950573434bfeb67e045c39c17d50,7,4821.0,0.5020107238605898,33.42406411122,extremesports
2404074432c445018ff2b9f2b6ff89f4,6,2125.0,0.4713692946058091,10.5843900211291,athletes
244d645564d1493f993123ac70f899e4,7,2120.0,0.2490586336740183,7.054076203114268,dating
2465c23b3c7e4d1dac1c5ee02bc878d7,7,2459.0,0.2196180555555555,7.892491592178453,news
2479e0314b8d41fcbfb626f38d2029d8,5,1954.0,0.3015873015873015,3.8220030347052143,athletes
255895948b97428686b11c534cc8de9e,6,2042.0,0.1241174284652545,2.47714646269859,screen
25c8204b269c46baa42c4dc816b87c1b,7,2814.0,0.0960090361445783,3.029050224313595,stereotype
25e8108b41f54a0ebfffb047cccf0f30,8,2304.0,0.1628242074927954,4.777362704761922,athletes
25ffdce6009a47f08c72347a283d256e,7,3283.0,0.0886034255599473,5.219255882809256,pads
264c2d834f5348c9aba2122d6b52bc8d,7,2576.0,0.4797979797979798,12.492525436979784,athletes
266f0df3fa994ce1b0b8b37da8169d62,7,2581.0,0.2562770562770562,5.829668531275335,extremesports
269f101ba0da4aa3a5ce0bf3a65bade1,6,2588.0,0.0,1.0,school
26ef513f441b4cff947d376a0fe1fb5c,7,2444.0,0.0492593868411987,3.563789186841051,pads
274b3499d10740618bafbf67ed900094,6,2429.0,0.0794306703397612,2.8229104155713127,dating
278c77bedc924472bf0f0061598575ca,6,1769.0,0.2139654067905189,4.481381446541971,animal
28235ea07022429aa701f74544db5684,7,2280.0,0.2494877049180328,7.801937878303483,screen
295e559fea27456e96aacce96d44b169,6,2262.0,0.2791576673866091,6.108374245796055,extremesports
29aaf42bc9b0486abeb1191ec2365f3c,7,1602.0,0.5048387096774194,5.799984667227854,extremesports
2a08ae62ea9849cf8d3b48513dd1514d,6,2205.0,0.152073732718894,5.633318603707635,athletes
2b0bf00c87074030b36a423d292605e7,6,2817.0,0.1371894697812384,4.32465919617291,news
2b2239b180604f018998fa272576c828,8,3794.0,0.4930888575458392,17.221507291920943,school
2b26596dffdc4403b160b0e12bc5daa9,7,3090.0,0.4720609579100145,16.308268658790546,animal
2cd036c85bce43f180f81abd83525110,7,3636.0,0.0351079136690647,2.9538930997082136,dating
2cfe49a1dfd84b57852a6a2d6e9b538c,6,2621.0,0.3047300125575554,9.202538989857704,school
2d20ee9a7295455a9ab7cd2d8140ddfb,6,1837.0,0.1641414141414141,5.52467672192331,stereotype
2d584bbdb1634b0a91a0d271594d122a,6,3530.0,0.4003825310806503,19.37278474365919,screen
2ead04a3167f4c38875802ca6874084e,7,1983.0,0.1383577052868391,4.854352417025304,dating
2eec737efca444bc893bea2f5b791a00,6,1620.0,0.0995884773662551,6.266973126582872,extremesports
2f07a39c7b1848559d1f4786591771ba,7,1951.0,0.2525562372188139,7.394804808130457,dating
2f48900f757c47129a7cbf00d6130ab8,6,2934.0,0.3758754863813229,15.774833396572696,animal
2f57e9155477457aad589a7cc507cd68,7,2663.0,0.1809523809523809,4.2094539674854925,audiobook
2f7b16fcf52c46649d87e2d35897fcd0,6,1649.0,0.416597510373444,8.295744105454508,screen
30786a82a19c45a6a77a12963fa21ea0,6,1814.0,0.4506849315068493,8.458598034818976,extremesports
30e1d495e4e04d49b8b0a9cb6e193500,7,1946.0,0.3091579594345421,6.683098004130031,animal
30e6840eba364ca984ebf0c4b5451277,6,1873.0,0.1322254335260115,4.734240459526941,animal
311f76bc71594efb82a6e67aac6e7b2f,6,2021.0,0.3637961335676625,7.239656366210367,athletes
312e3263a9f24f3184364949a42a6dfc,7,1805.0,0.161090458488228,4.128112441431619,animal
34919f6ff8774bca9c7632e79f43b572,6,2101.0,0.0741002117148906,2.161221325314183,athletes
34cb11d1be2f4a60a350d9d5e6dc45f6,6,1664.0,0.5011857707509881,9.483018721393933,extremesports
3554566875594510b570adb5a12a7319,6,2079.0,0.4819458375125376,9.18132383016781,dating
35a38bcbc9e94604b0c731ca8cc5de51,7,3598.0,0.1418052904281428,9.234104855232273,audiobook
3622a1e30581463fa5850f1f8325d26e,7,2033.0,0.2264539372104992,6.71739815479848,dating
3657ba7cb1a14cc6835c24d68176c42b,7,4382.0,0.7730303778710793,23.329237002598298,screen
36586c688d824b76971efef44868fe05,7,2309.0,0.0,1.0,extremesports
3778eebfc9df42429aa1f23db1934a9d,7,1384.0,0.1691113028472821,3.3795916550148144,school
38e1a33885914802a41a324e7a6d146b,7,2600.0,0.2240221256420387,4.7899709210282095,stereotype
3959b06dd9344c6aa484b3d6b14b4a27,7,2234.0,0.2060481804202973,11.185911539294796,screen
397a3daa2e234b5aac44e3756e7399b7,7,1455.0,0.4153846153846154,8.171204123241816,screen
3abe5c42eefe48868ba2f185d1853c93,5,1491.0,0.3023450586264656,4.798293161514018,school
3ae5a0c999e74de5bd0a8811e7eeef73,6,2845.0,0.0,2.173933701392497,pads
3b0ba1980f8b4d1c984ac8d8e5f546f6,5,1355.0,0.5520833333333334,8.321011099756268,stereotype
3b62a2036d2643faa4590b94c3fb0d35,7,2146.0,0.3681672025723472,4.638167740852585,school
3b78cf42ca2b41cdbc067aeceaa82a92,6,1727.0,0.6611039794608472,7.187287600841091,pads
3bc6de35276140e98771dd17c5773c06,8,3243.0,0.0910695375926579,5.964089674986137,animal
3be583425f4c4656a906a036b13e963e,6,3544.0,0.1797752808988764,6.886194708101169,athletes
3cd658ad2bfe4df6bb303a408d30feb9,6,2008.0,0.1218441273326015,3.846953898532824,screen
3cd70a8705814f8eb1344dca49679aee,6,1748.0,0.2580645161290322,6.755408035209778,stereotype
3d0be5ccb3ba4bf7aa4f243e70dcafd3,7,2142.0,0.193032552826956,8.277740842598735,animal
3d3b51040a84446a8576ff28a1c9887a,6,2334.0,0.373374613003096,10.604069447200484,athletes
3d916ba0c2b84b2491f3c8ba1dff9504,7,2613.0,0.4374468085106383,9.90050604494767,dating
3e1e3f82426c4b5682b3b315908dd8f8,7,2424.0,0.3906183368869936,12.016833101387595,stereotype
3ec3668b51e041b8a2b96eef1bdf05cb,7,2052.0,0.4253333333333333,9.276876018258372,animal
3f08232e93af452cb4f47c0bc22a6980,7,2628.0,0.3412008281573499,20.338514440501225,pads
3fd4689bc9384b6180595d77d771a312,7,2796.0,0.5741885625965997,10.016612643933955,school
4022d8e5d974472d92c889c74e7fea9b,4,1832.0,0.0620934358367829,2.6658846235275497,pads
40321204ac204fc3b3aa443db377eeaf,6,1753.0,0.7978789769182782,5.047851722853156,stereotype
406e98d0ec3c412397412ac18367d491,8,2182.0,0.3300589390962672,5.882787067377056,athletes
407f635e5ace4dc3929dd7838318b96f,6,3652.0,0.0457933972310969,2.552430274617298,athletes
4087251840494e2f85eefbc4537add1c,8,2373.0,0.3161355589276682,5.348705403988225,animal
40dce3e97526456ba66fa9765621ad70,6,2037.0,0.8488228004956629,9.05428435080869,extremesports
40de050696b84fc0b0150eb8ac1d86b4,7,2774.0,0.1937849162011173,6.849158334439664,stereotype
41d8a6e73a1e4df588aebd0ad14d8da1,4,3184.0,0.6620737168446434,22.595419393606484,pads
423daa7fb2214d1093f73d4966240646,6,3017.0,0.4578872234118487,13.795033086915277,news
434f519e8863442f810796865db83047,8,2996.0,0.2933823529411765,6.334030224471653,dating
435605f25172470989a458267ecd6ca8,7,2803.0,0.3658886894075404,9.165476206670354,audiobook
43683de35ed942028d6c9b08538f0285,7,1580.0,0.2442613301942319,5.713948320082452,pads
4398673bfcfd4ba388fb92f193fc582c,6,4102.0,0.5802058111380145,25.46739228200774,athletes
43bda44256df4d51ba681ac40dcfe8c1,7,1944.0,0.0507042253521126,2.25553331151545,dating
440fa5b3461a45579c96533ffe0e1396,5,1678.0,0.1576601671309192,5.549993464583161,screen
4503b999b72848f396258761c04cc7e8,7,1933.0,0.2193717277486911,5.767890602560279,audiobook
4593c00c9c5449e2b4b2a66287847ab3,6,3385.0,0.0,1.656751158482624,news
474d81b6da2d453aa90eade3a94276a2,7,1746.0,0.2059800664451827,5.895719736907419,news
477a7999cb944914ba1a1141db81b44f,7,2417.0,0.5290162774239208,18.620848332670057,extremesports
478d7bee3c53454fb80f423138913c4f,7,1999.0,0.802536231884058,10.161793028144547,stereotype
47a8415fe50c4a03ab98ef71901e3368,6,1868.0,0.1946768060836501,3.6694545982320994,animal
47f1f3cedf5e4a779470a1816fd625dc,7,2601.0,0.5095723014256619,13.601414579127905,school
47f742905ea748d3b71bcd2c5684a654,7,3763.0,0.5303790412486065,21.252293091353103,school
4831f92b228149c191708a694807853e,7,2008.0,0.3058823529411765,5.366531713137984,extremesports
4942e7f2ab484c3291c91473fbc22b5e,8,2632.0,0.3154738104758097,14.185327507032984,school
49e04e987bbe4e59bf2baab73f486a26,8,2997.0,0.1851851851851851,3.703442572785836,school
4a1587e75edd4d1297755c1f526108d7,7,2564.0,0.1739299610894941,3.4529057922126327,stereotype
4b119edd75174d1fa4a4c3c63493ae11,6,3054.0,0.0178988326848249,2.511056199660651,animal
4c9727b380f34b5baa3d4407f8d91656,7,2929.0,0.2235376044568245,6.069423928005453,pads
4cb270632c6e47f5ba6d606d53f66cd0,7,1410.0,0.1003236245954692,2.1796098720395145,pads
4cdeeb7605ca48f8a34eb3c688537ecd,6,2341.0,0.3232600732600733,4.54947481874418,school
4cf7657748194823a3c4349e8a469c99,6,2702.0,0.5434412265758092,7.493357621463625,extremesports
4d64b8adb8544d60beaf585c83747e97,6,2095.0,0.2217923920051579,4.659901997841195,animal
4e3e3c07acd645eeac9f8a18dcc9b796,7,1587.0,0.2474600870827286,3.290462712983012,stereotype
4e45f719739a423899b044f67aee9eb0,6,2167.0,0.5336590662323561,7.660090245614691,extremesports
4e68d0c88bed4e0f8b977ed56123b626,7,2456.0,0.4881266490765171,19.845214300052767,dating
4eec3373098b43d7a4021b40ee73bafb,6,1614.0,0.0463320463320463,3.0138375107755646,stereotype
4ef600b3d75344abaad59aadc0fe200a,6,1706.0,0.1822916666666666,5.856835104124638,news
4f9f5825c1df43ac9285bc17f136a17b,7,2211.0,0.2987128273413227,9.413505667659615,stereotype
4fc378c03e0a49b6a9a2674ed809242d,8,2416.0,0.0361392684001762,2.706039547444374,school
5001633aeeef432bae4d36268e3c7be6,7,1805.0,0.6817955112219451,10.56307133509656,audiobook
502e693d76204b3ca6935c39fc955113,5,1839.0,0.5404284727021423,10.838345029081957,extremesports
506752c9b184496994a69279e5d63610,6,2388.0,0.2313901345291479,4.731563396758881,dating
5107cf5a8ad048e99b0d92892e98d40a,8,3463.0,0.1114715423179003,4.424843734549242,news
51ed55e505064fc9ab0bcde91766f55a,7,2853.0,0.3444227005870841,9.241754215913124,news
5233fde72269427db4cd417546bfddf3,6,2022.0,0.8315994798439532,7.567204373411524,animal
5294630b417446fdb469da4f7ca41488,7,2300.0,0.143591941705958,3.760962732173712,dating
52c100caa73b4d7ba9185287b8863362,8,2089.0,0.3330464716006884,6.255545332018644,dating
5300d0e4c21f40538eb8a2ec41b55124,6,4007.0,0.6032805115373923,29.636860908279505,screen
536987ff6f5243f6b3f620aba1c3bbfa,7,1617.0,0.3272394881170018,7.575801195361224,animal
53c9ba115f4e464da26ee9dfc9b8daf8,7,2748.0,0.3794514940646746,18.308655346129196,screen
547fa8cbc3294669b00903779ce63e9d,6,1726.0,0.0897959183673469,3.729237185151762,animal
549faa4663e44ffbb3f26beca1bf95bb,8,2811.0,0.4900206469373709,16.748092496350996,audiobook
54c597f302a9404caab702a8499b8aa0,6,1730.0,0.0341614906832298,4.508900711707231,pads
551833edecbb48a9a13b5498cadd6346,7,2002.0,0.0,1.0,extremesports
55c68fe2661343d4b1ab43ba95db5c09,6,3435.0,0.518943011779688,15.375410227484554,dating
562f6952bc854fb3ace39e940b786320,8,1530.0,0.1502372166578808,3.0991167240983373,school
575795c2253e49f9adb3bd64dd8bf896,6,3235.0,0.0951563036757128,4.4086229289532834,screen
586931064c24482796b7e0aade9a711b,7,1869.0,0.087719298245614,2.628494761185649,stereotype
5926ac21bce54d03a6acc6054c6bdbf5,6,1668.0,0.1410499683744465,4.258494738619008,school
5960818e4b234acab13c90618afee4b3,6,1903.0,0.0861189801699716,2.5891335716892163,screen
59db19c61039473a9da6c6e1f66b6c4e,6,2121.0,0.3137813211845102,5.218494767477498,pads
5a043fc7d564442d8d66a706b9ff50fe,7,2816.0,0.0897571277719113,4.788707027033541,news
5a3f1a4ce4ec4551948e72537479b286,7,1597.0,0.2945677123182861,5.118050499863389,pads
5a4cb8c136654eca8e43025462bd2bf0,7,1873.0,0.3787375415282392,6.214553667897191,news
5a933e794e664407b79affecbbe3d4de,8,3846.0,0.1115569823434992,5.900413376704506,dating
5a9ce5e82d814d418a7a1a0be11d36ac,6,2393.0,0.3328767123287671,7.059946898873013,athletes
5b6d31f421474c3483b1bd08227ff95d,7,1456.0,0.5471854304635762,7.678516166821709,audiobook
5b75ade5b73644a8b21dd73deb0c165e,6,1988.0,0.2754528419737664,6.787039667828281,extremesports
5caae848f6e048e2bc791363cc27eb30,7,1946.0,0.22397476340694,7.539979813356059,audiobook
5cb5a5445f3a4e82af6dcd70d4019ba6,6,1899.0,0.3940165499681731,8.471552193079438,pads
5ce9377e21734670be93606815ca2bc5,6,1647.0,0.0602696272799365,3.531407463834057,extremesports
5d2c9f7e84ba4ec9a805fbcc37487f0b,7,1672.0,0.2343949044585987,3.5983067518699468,stereotype
5d791cfaaf294406853413dda451bf2f,7,1491.0,0.0815318097591105,2.987755046751414,school
5de04cda76194f70ba4a49ba5c34ad14,8,4031.0,0.068013068013068,5.358046068342515,athletes
5e3161b439134fb992482c957f30f78c,7,1933.0,0.255345143555284,6.4206583194671,news
5f43b93d95334de7a886100e5e0a73b8,7,2323.0,0.0,1.0,news
5f49697c13ca47efa9291d3577228996,6,2794.0,0.3874172185430463,12.596190819088957,athletes
5fb284a8453d4fbdb665675cbe8b4486,6,2271.0,0.2133072407045009,4.97163885622547,pads
5fc3814b137b410cab4a738f50e91ad8,7,4746.0,0.7603933839964238,25.14814134162281,news
608e5b73341a4f3ca937316f99dae32d,7,1959.0,0.105459636024265,4.356506955403361,news
60ac23b47a594ad881b0ee62839b1fcb,6,2945.0,0.3974403320650294,6.929163121165243,stereotype
616c20d27921488686ac8d50bf911c9a,6,2218.0,0.2205215419501134,3.971878281439944,animal
61de020340f54d10a332f6aecc8079a5,7,2054.0,0.2027397260273972,5.478841047517486,news
61f79cbacda542fd92422b4be43132b9,7,2190.0,0.0434139121854958,1.638061577522797,stereotype
6216903d3a89486d9ffe584e109e3300,6,3266.0,0.3956980519480519,10.864482441183728,athletes
626c3c43e024479baaa6948e2c4b6e27,4,1768.0,0.3676957001102536,4.431255006493564,pads
6407201731724a1d8bf49ed97d7a7f4c,6,1973.0,0.2052659860290166,5.766485686082126,news
6490ed06d61d45fdbd1c0709ae538f9a,6,1892.0,0.2429600523903078,6.275877034900169,extremesports
6529f521e6be4270ae0e823ce6690471,6,2969.0,0.4750277469478357,16.97352896647203,extremesports
65564e291348443491a3701f80d2b99d,7,2363.0,0.2132883967260471,7.089603999371167,animal
65fc0e4f41cb4ca0b92af3a161da5d2b,7,3966.0,0.5679766330323951,16.448706925840725,school
66205a33c6084ec39f3ca9ebd2c0cfee,7,2580.0,0.2299683114531462,7.130729194973366,animal
66887514504f4d5bb9a0ae2be9196fbe,6,1484.0,0.0446735395189003,3.6172593024002175,news
66b87321ccb646ffb7ed0d0bd7edfc70,4,1913.0,0.0722388059701492,2.202922420939396,animal
672befe865e94480ae1cb6fa8aa473e1,7,2937.0,0.2173758865248227,7.360805972300019,extremesports
685d08c3809e4d6da38d222976bcab17,6,1512.0,0.1722772277227722,4.180707517700084,stereotype
68e4049ae7b64e988703b135729ee29e,7,2015.0,0.191829484902309,2.9273496513157333,athletes
68fd27f0d07a4a319c9f931331f16e2d,4,2380.0,0.2926267281105991,14.997429754665944,screen
69655d09325f45e6bc4dbe10afdad674,6,3149.0,0.2753783684016242,18.002165941764083,animal
69b4d60dbea24e83a939dbef50497919,8,2704.0,0.4148119723714505,21.25789096053784,news
6a63f278941f4bd9b7e662ea15c765b1,6,1946.0,0.1517571884984025,4.052882504493152,dating
6aebd1be61b34dd1a3154f471c891647,7,1575.0,0.1254695717505634,4.217945116590188,pads
6b299ebb735248fea2d0ea01d2766a80,6,3320.0,0.1235483870967742,6.950122745679446,screen
6bbd6fd6b2fe48eb8e24f929d79c604d,6,1662.0,0.1704005431093007,5.46306174427092,audiobook
6c16f972111c483a9d45114c12e381ff,7,2181.0,0.0,1.0,stereotype
6c63751ce75d42eaaa22d89ddeb89d88,6,1811.0,0.1990077177508269,6.154661879175483,dating
6d0dc9355f9c4e0aa729c19733f3e3fd,7,2805.0,0.5196296296296297,16.506866617433904,stereotype
6d7b66caeb974603a770490a4a83c38a,7,1665.0,0.1493753394894079,2.276803795939394,stereotype
6d9089d1570347fbb352497546c663fd,7,1772.0,0.1639344262295081,6.815169330814765,dating
6dddf664e4be4c41a2fd91069d43a600,7,1545.0,0.3048034934497816,4.757724267035636,animal
6e1f579ba29946d1b88b76320de96dd0,6,3556.0,0.0934436274509804,3.134592527486087,extremesports
6e21e7baba4d414ebc3218a051cce679,7,3263.0,0.2778659892029215,7.072941508807242,pads
6e931e7308f94a198553a8f24c8feb5e,6,1912.0,0.2766934557979334,4.84742358252937,stereotype
6eaf9b00bf214c9e87a914740242b985,7,2082.0,0.2911036036036036,9.606661238574176,screen
6efda955ff5643aab9d94b60c4b1cdee,7,1770.0,0.2615384615384615,9.109701114828054,dating
6f952927ae564d28bf573199e132ba66,6,3270.0,0.2606886114264093,7.087394244955304,athletes
6fd58f906fe945bcbfbb07fe84816bc3,6,1984.0,0.1108359133126935,3.38788746620328,extremesports
707e42157d1e4889ade8302bfca7f90b,6,2821.0,0.0801380368098159,2.550748331637704,school
70defe65ad00410a83d645e1c08f5ba6,6,1381.0,0.2227247032221594,5.249120144484102,school
712c00cd50254b2baef9a6af57cfad72,7,2350.0,0.0,1.0,screen
718fb788986c45858fe6e83e045c51a9,8,3256.0,0.7011913445173839,17.19066692184828,audiobook
7326c807097f4685b819645e8a6fe248,7,2301.0,0.1711009174311926,6.675413897951597,school
73339baf931847a2be52f80f66252a1b,6,2279.0,0.4280855199222546,8.015395735010863,news
738bf296e71f42de8155defdaaca17ce,7,1673.0,0.2519462137296532,5.744240805554883,school
73a6d974745d4367bddb0059870a3e7e,7,2982.0,0.6027017665396606,14.898660293876096,dating
748af209d9014eeb9a66146e3db9a1d3,7,2217.0,0.3472584856396867,9.502871336552388,extremesports
74c7e84ad70d40ca97fa859664465bee,6,2912.0,0.0191204588910133,2.088711887320021,screen
74d03d9ca487448ebe2ffcbad7399b9d,5,1606.0,0.6748554913294798,4.977325491755712,school
75297fb95d624e0fbc4f88c114a790e7,7,2001.0,0.3060200668896321,6.452559520655045,news
758b76b82ccf413aa93fd4d74624d288,7,2824.0,0.101067887109077,2.312300484313474,audiobook
759a22ce504c4259b8ea09651194bf46,7,4067.0,0.6775564409030544,22.48043668931674,screen
75ca76d5d28b411098cc9819cb5d7b56,7,1387.0,0.4185185185185185,11.618282704124155,news
761aaf53b31f4cfda836ca0802f22278,6,1621.0,0.0383877159309021,2.604302232875491,stereotype
76994249d6114936b74be6fa7a79e79b,6,2456.0,0.0883392226148409,3.2328491490184144,athletes
7748d213f66743dd9abe45f23dacca99,7,1935.0,0.0,1.0,extremesports
77f36111a79b43b086fe0306d8644e56,7,1325.0,0.3458230958230958,4.530697195360142,audiobook
77f7082a5846485e95262a6dc0ffed79,7,2377.0,0.2079722703639514,5.621024340842714,athletes
780c48b1977548dfa5e66adf6b2f9d51,7,2568.0,0.4914785812989405,8.901898854569124,screen
78526ab498154d079cd1b2584ee25e3d,7,1771.0,0.3673218673218673,8.906359985177309,dating
78584b68efc441dc9e63092f93760523,6,3671.0,0.0906942392909896,3.17558734403557,extremesports
787e032a5802459e9ac5731cdeb7b077,7,1683.0,0.5622025832766825,6.737266318753516,school
789bc47680704b249863757263a484b7,7,2515.0,0.0,1.0,animal
78c867c5fe114a258e45a78d28131cde,6,1766.0,0.372626582278481,10.139136550579076,animal
78c9d9452b684824a388ee3ce7081f99,6,1545.0,0.039820166987797,4.666033971164305,news
7944986ab0fd42e9a2c615181d024cad,7,2238.0,0.0,1.0,extremesports
79a6126076714a1ba4fc9abc52c9201d,8,3257.0,0.3050847457627119,8.384480689732351,animal
79ba2a0b081c488c8756d76f2e7a9e9e,6,1821.0,0.2874902874902875,5.484413681963961,animal
7ab37dbcbce14ef4aec847b875063e29,7,2652.0,0.8057210965435042,9.06884581429749,dating
7b2aaf58f55a434f91bb71515a329f13,7,2023.0,0.0242024202420242,2.273337496411948,dating
7b3d6b7a25a94d4f85060bbee5dd4682,7,3670.0,0.7429766885833832,19.836219119447232,pads
7b93ed4e9e4b4cd0a9ff25766708881f,7,1337.0,0.3189233278955954,5.882576064038998,school
7be4ecb3af5340b39c4f0d3ba63be068,7,2973.0,0.5743570629891912,16.437102963302465,pads
7d2b65dc5d284f18a56270271f023352,7,1587.0,0.6752136752136753,9.175293276683917,audiobook
7d355b6f3464416ca79fa52dd9c50226,7,1680.0,0.2198142414860681,3.5754262448135945,school
7d7f05714c7e4cbf9050aa44c7de667c,7,1892.0,0.1032376298106292,4.408899702662687,news
7e6000f8efb947be88e5a6661b737eff,6,2284.0,0.3163784333672431,7.89112461868852,news
7f7139dd71de4963accdfb9d471836a8,7,1992.0,0.2358786610878661,6.60020930954685,pads
7f7612ebfa1544d6b25fbbb53a49a5ae,7,1544.0,0.1861662987490802,5.663925881331919,audiobook
7fdd4ec9a2164e9d8f3d28e1db1df08c,6,4216.0,0.041978148361127,2.5382853805718795,athletes
80005a3c4ee74a1cbe252ef51a2cc4b7,7,3138.0,0.0530851430541192,2.800375649399027,news
804e81a11f6640f9b023a5f2d1ad0671,7,3259.0,0.4961439588688946,14.44422094382604,audiobook
80624eb1f1d241e8b1fa4cdc70d43f0a,7,2194.0,0.3826335877862595,14.24176080251054,pads
8065039701b844098386ffb491f3441c,6,2319.0,0.290720631786772,6.327070608756919,news
825d93ee72ec4f8390286a45eca1a2a6,7,2450.0,0.2358535425582501,6.908406132829147,screen
8288555e033840c3a745e220afdb4aa6,7,1978.0,0.1076033792796798,3.695753073828724,audiobook
836d8f49af1340ee84cd534b2051bd34,6,2811.0,0.0349344978165938,2.6658619193737176,pads
83a18344884f45408957086dc933dfc7,7,3325.0,0.1543603767851716,5.778373507244654,pads
842e37eb2e4d49ea883303dd9b01dc54,6,2595.0,0.0,1.8955281704693985,stereotype
843d5913965e4dee8b3d500b547c3489,7,2220.0,0.0,1.0,school
85270c60200e4e2886a19f9d0c2b4080,7,1462.0,0.4587670136108887,11.940760859446463,audiobook
8590b229160046b698adbd688baf377f,7,2968.0,0.0261125413755057,2.5736821596219244,news
85a0e0a84eb147eeb0f2db0b946bab2e,6,1617.0,0.1519949335022166,4.265400277859797,stereotype
85e6bf7f0f3844f3a9f88b7f3350e6f6,7,3149.0,0.184931506849315,6.286609421453509,pads
85ee6ffba76749fb8e6f066683b0a56a,8,2112.0,0.3543766578249336,7.69683557695902,school
8621bf6cd9e341bb80194d19d210b7e4,7,2169.0,0.7002002002002002,10.955430124892263,audiobook
8637ce05b848420f920d5ca02f88a89a,6,1893.0,0.5928571428571429,12.75433779499815,pads
86d3e1410ca24ecfa486a6b3059b2618,7,2862.0,0.2575810386894388,7.5650721360208975,dating
87428217b0aa4ca8a6001d5c46333f90,7,1404.0,0.4496336996336996,10.001074630731328,news
87462f8b2df5473d915e2188a20ebf0a,7,2354.0,0.4763542562338779,7.339711232902117,news
875a0703850a4f4d97dcbacdf2690dd5,4,1636.0,0.8999280057595392,5.793162951622808,stereotype
87958a503957482fa3a5b13de3fbb296,7,3072.0,0.3801333801333801,10.655850248925825,extremesports
87aece063392475f9b131e8d2eb89337,6,2856.0,0.2509252405625463,8.417992725694681,extremesports
883da543f4194cc29bf0dafacaa686ab,7,2005.0,0.1314553990610328,4.903547171165704,animal
8950ddb597804d51b4cc61f144e96338,6,2693.0,0.11284046692607,3.5093617528522385,extremesports
89549d7269734058b04d5fcf33e3ebfe,6,1935.0,0.4141791044776119,11.705916593377331,animal
89636fe51d724f15a23f1cef4124191f,6,2295.0,0.2932614555256064,5.3954744767931535,screen
8a89fb0e060a42658033820f12a115d3,4,4366.0,0.6410919540229885,29.08092179520575,athletes
8b3585b594e24e0dbfd53eae933d2f4a,7,2538.0,0.1585923217550274,4.295940758648075,dating
8b886d12eeb14f21b8bc96c5a1215336,7,2022.0,0.1123476417594064,3.0134735049859214,audiobook
8c11358444974bf0b5224183acd8149d,7,1446.0,0.3628850488354621,4.7835119136058,stereotype
8c1e099146fe4ff7a633d08fb6f54035,7,2135.0,0.0,1.0,pads
8c58982958c1470dbebaff31cb041f9e,6,3721.0,0.5484593837535015,18.577178707713237,screen
8c884bfc6cad45cf9b9609a7acbb0bf7,6,2105.0,0.3623188405797101,11.155518121467429,extremesports
8cd013d1f1c0425aaf34f6295e350c5b,7,2087.0,0.0,1.0,audiobook
8d5bc658213f46b881b2a862bfd5a105,5,1578.0,0.5553822152886115,6.74766079171488,school
8d6e9dac68324fae884571881f5b21f1,6,2434.0,0.1707805203468979,5.088958220753866,athletes
8d93814aa76841fbb5fc1fbf3fc24a4a,5,2387.0,0.3218390804597701,18.61333963169521,pads
8db57b4ba7e048a9bf984a13233f3cf9,6,1753.0,0.0745554035567715,2.9500824849249985,pads
8db86d15b8874bf48a6e5cb948064409,7,1776.0,0.6588156123822342,9.964272520061956,news
8def8b4e1181424c8009e7c77cd1f1f5,8,2103.0,0.3264503441494591,7.003785332933603,screen
8e68479f14394dce8f30aaad91524538,7,1856.0,0.2157534246575342,4.788671642828531,stereotype
8f3a8ff6a84e43c9a8e76a8de3936853,6,1888.0,0.1155580608793686,5.301531811880511,pads
8fa18f2fac174742b19861bb9f802345,7,1527.0,0.0865102639296187,3.9938138908522416,stereotype
8fd8bba68ff245d9a7b61561da572c22,7,2252.0,0.1256146624944121,4.281797730069903,school
90a41f5187c046ada1cdd459d2036ac5,7,2153.0,0.7517580872011251,6.7664618903177685,athletes
90c79f94b57b4ef2b3c7d9c4598b7afa,6,2175.0,0.4957983193277311,10.498210056318324,screen
90f6335118ab4f52b0db9c5ca271d4d2,7,2806.0,0.1076923076923077,3.787535176405533,pads
91366311bd76400b9ea7efe17bf8b659,7,2558.0,0.5472657905892327,22.22697077563196,dating
913991c2f1c843f68d2f549533418965,8,2018.0,0.290158371040724,6.397183810930336,school
917d343c54e145969496c1aabe8c321c,7,2761.0,0.035844915874177,1.7034494202508978,school
91c5030e4af74e8a870fa98675b6681d,6,2688.0,0.0210924824229313,2.418814550609934,athletes
91e0856327a04acb8f366faea281f072,6,2012.0,0.1285119667013527,5.011856143450912,news
9263032ff341476289f96ee1651ddd5a,6,2857.0,0.3319587628865979,9.525282257502289,athletes
92d3272c14f94dc3b174d21b5592e417,7,2802.0,0.4380654140570633,12.73945980315507,stereotype
932a48cdabbf40ed8622c169b9053efc,7,2162.0,0.0,1.0,screen
935d692d86f6441b85a7f49c0cd9267d,6,2084.0,0.5746445497630331,9.18106645340428,extremesports
95804c7277db4d538b06492830bed43c,8,3059.0,0.0855263157894736,6.014884025064475,athletes
95b8a64db3d3471f9662d0019357059d,7,2189.0,0.5098634294385432,6.241859437868933,school
9614fb65fa5146549e303e13586a947b,6,1955.0,0.0288808664259927,1.9869659569156308,athletes
96550fd2d40e46c1a430fe0c4e67000b,7,3301.0,0.2854620364920541,8.554789960253682,news
9693af5c800e4c39bb42198f8ab19c96,6,1654.0,0.064128256513026,3.3957216924788547,pads
96d31c3aed4243f584d74a450311eac3,7,1928.0,0.1488439306358381,5.966061812836521,pads
96dd69eab5d846999c72d9b89734f6ac,7,1803.0,0.1978891820580474,6.937534604101797,news
971b30521fb149d88af88aa7b686c2af,6,2086.0,0.8095238095238095,9.947724602681491,extremesports
97cabee8b1434aabb912a590ead973ce,7,2691.0,0.0,1.0,animal
97fdc99773cb4a479fa44636563e5453,7,3643.0,0.0,1.0,athletes
982b7a3621a745a8a4b5b7aea92938b0,7,3682.0,0.1294148655772272,6.644836079187462,stereotype
99038d19ea0740af917ecca9a303b06e,7,2882.0,0.4650690495532087,14.773605201979365,animal
99787c0818c64ba1b67cb399e5b88039,7,2186.0,0.1721991701244813,5.396187792970148,school
99dcceb9d7394bd1986fbf3572b3efcd,6,1783.0,0.7034722222222223,5.930037383122071,dating
9a349a9b53a848809ca59ed0823273b0,7,2305.0,0.4646609360076408,8.629423347369727,school
9a85784e74bb49e48c68a9f6695efad2,7,2111.0,0.2861178369652946,10.121715074588366,news
9acd2cb9d930425fba58dfd597a8449a,7,3663.0,0.1050783360345759,6.702223874235703,stereotype
9b439ea7aa404000a1e0ee118bdbfbd1,7,2966.0,0.1613236814891416,6.616437900760735,audiobook
9b4461a4349f43b8b12dea3e34256caa,7,2351.0,0.0763589301121656,6.153479538353258,stereotype
9b94bdf538854dee9dafd358ae40b55b,8,1848.0,0.3222985633978763,6.64959546477738,school
9bd7285cf8f84693a183dc4a452c61bb,7,2973.0,0.2254594352308382,7.990442594692074,athletes
9c4942cdf0d94b6d9ce49896e0093da6,7,1568.0,0.4150352388410336,5.485270783838544,school
9c4c0d44fdeb452aaada54d0d89e7ce5,6,3655.0,0.5566467905997895,18.6366394963508,athletes
9d08c8ebec4c4e4fbd01d2a918b8f5f6,7,2626.0,0.0900970873786407,4.88896208123729,stereotype
9d3e7052684f42c1b805622fd2aa1c26,8,3937.0,0.1468274777136864,9.030442909668588,news
9d434f5659c34d98bc3fe8a4bb5a4a91,8,2298.0,0.2688346883468834,4.24771440752514,animal
9d88e84f3ba541d49232eab96aa434d8,6,2399.0,0.2301061007957559,4.34173754831204,athletes
9d9b9dfaa2b5423398abb53fd06f857d,8,2495.0,0.1731464737793851,5.7811078561411815,school
9dc2ff98e5244628989c4bd4be983dfe,6,3165.0,0.1277478224802986,2.824559571866976,athletes
9e408240b6c34495b3d20597eaa1dd80,7,2027.0,0.3567693201626961,4.539056294201821,school
9e8fdbe7131247ea806fd442b5f1cb61,6,3190.0,0.4961538461538461,15.06796930247038,screen
9ec10cba9d8c48428d656fceff57e834,7,2659.0,0.3539244186046512,18.44619851195217,audiobook
9f2ba74210184ca1843adc31044612bb,8,1511.0,0.205599300087489,4.171226025049995,screen
9f78d6e56aac47f6a4927dc231cc6f98,7,2175.0,0.2113702623906705,6.231520474151349,stereotype
a07a7de4e164491eb8f26d9029d58e36,6,2127.0,0.0941541645111226,5.294088707291859,screen
a07f20a8e58545c78b7b6436c126be7d,7,3187.0,0.1851608667104399,6.580489880941207,extremesports
a215d4b3242a4e999ee6fafdd793cac6,7,2092.0,0.2642297650130548,5.538783840941031,audiobook
a23600c207bd470c929852b33b9a2946,6,2029.0,0.2756052141527002,4.832028621301269,screen
a2ae7a28141944dda986c3124ce58184,7,2309.0,0.0903490759753593,4.859553672802583,screen
a37397d4adbe4733a8026d82dcf8d7a0,6,1991.0,0.335016835016835,8.595207503251029,news
a3bb5d95c74a46fcbc44d24828f7ab0a,7,2035.0,0.2110523221634332,5.727828644265054,dating
a4d6ef02891d4a2186ec8f1e41892279,7,3152.0,0.8086838534599728,12.966135815957562,news
a4fcbdfc711c4a17ad9acebee41ae6a3,7,2025.0,0.2117977528089887,9.490512436424474,dating
a61420ddc0944dc2b15962c5f7e9cc05,6,3601.0,0.0,1.5646165871163058,athletes
a6dd76d59f0a4cf0a6fdc4455fa4b639,7,3399.0,0.3752105085887504,12.407908663096446,screen
a7518c3553b7485a9e01e8bd95843abc,6,1941.0,0.1140031233732431,3.99180621669935,stereotype
a7d770fdc88c4a00855f52c662a629ad,6,2446.0,0.5409631019387117,11.88164419865643,athletes
a8268620a9a74cd9a64bd82f90723729,7,1225.0,0.4333333333333333,7.306585870934695,audiobook
a8e549506ba24360a68afdc95e094e57,7,1634.0,0.1288860103626943,5.597067874579824,news
a95d1ccaabd943ecbbc2eaadc7b30802,6,1809.0,0.5182481751824818,9.007449591601976,school
a9aa499623e3453dbcd52de1c862f71b,6,1547.0,0.0935064935064935,3.4879614011957347,dating
a9feecdb84e14399936bbbe1eb2bbfd7,6,2600.0,0.3639070875521143,7.360578434113256,athletes
aaf98c53570345aeb669f0828e0d0090,7,2516.0,0.618501841997544,7.057119541579563,extremesports
ab72069c90cb4448a2c6fcaec1df7787,6,1515.0,0.0,1.877578413555054,pads
abe2312cebab43598d4c4f6a2de6a6be,7,2309.0,0.5505332656170645,12.872683236935249,animal
ac909f8258ae4869b1011f700bbe17a9,7,2491.0,0.3793427230046948,8.198037815578536,animal
acfb5f25d1ce43cab27b6e945b14dd1e,6,2419.0,0.0235017626321974,2.742709473117148,athletes
ada1c4b3f99847d9907e77dd96200ed9,4,3332.0,0.6144465290806754,13.225721771334838,dating
ae1a4e491d3045dc9cac0b30f832667e,7,2839.0,0.8479618068307014,14.559617999790156,screen
ae1f2b6df9a74fe4b1eeec602bf6c3ae,7,1989.0,0.7295454545454545,9.254151838295092,audiobook
ae3d56d704a74f80827bbc54d685bfc2,6,3234.0,0.4948328267477204,20.15309805500289,dating
ae8434c075224ebdaba8e215723c9bbb,7,2657.0,0.1780415430267062,5.792244289481776,stereotype
aec86c4e50874219b34fc6bbebe815de,8,4128.0,0.1921093347086127,9.178120258086782,extremesports
af35478b772442319c64d331bc779ed0,8,2577.0,0.1698906644238856,4.539502306297572,stereotype
af7e60f790c941399e2b3b6306d9131d,6,1669.0,0.4334023464458247,11.786654665741247,news
afa0f80124e94b3b9793b29f814765c4,7,2436.0,0.1743388834476004,4.419441995439142,animal
b15c9dc0bbc1415dad0b1339d32903dd,7,2995.0,0.4250710227272727,23.58655931218233,dating
b219ab2c3b5140e3a209c6324af6344b,7,1653.0,0.2454742939898624,6.191114397507155,screen
b24842bebbc045249f59a791912f491d,7,2460.0,0.5122040072859745,16.862422132400003,stereotype
b27f544a5f6e4989aa95af488cfeaadb,6,4785.0,0.6643293372540149,27.527220684619888,extremesports
b28b4e5e12c24f80a9e3bf0f3d9cf030,7,1903.0,0.4327794561933534,7.740383343728442,stereotype
b2a06d7e1afb42439ab15004d1ded82c,6,2114.0,0.7567099567099567,8.13531823207451,stereotype
b2c98830d3e647fa840909e7436c1750,8,3256.0,0.3296178343949044,16.26794127129423,athletes
b2cf63a646e54d94b4fcb6d060b6c452,7,1471.0,0.4017790956263899,8.363301915216303,school
b30082b36e764dbd859c020b10fe78b5,7,2727.0,0.3445475638051044,7.699636953644441,dating
b30238629d9040b192604dfd1f7d3eaa,6,1875.0,0.3644736842105263,13.427521327302712,pads
b38b55361ff74d31801bb1a9d7d19d2d,7,2719.0,0.0553014553014553,2.0907583020584357,extremesports
b420f1799193446cb60c42a4cfc5053b,7,2475.0,0.6851851851851852,11.730433068118566,dating
b43804135b264aaf84c129e2f6c5be48,8,2929.0,0.4330787113915643,9.968827762703931,news
b4bbf40667d64a6ebd248ebb87a3ce5f,6,2890.0,0.0,1.0,athletes
b4fdc128ddcb442b82eb4c0bc2607479,6,1526.0,0.4660633484162896,6.89589848486114,stereotype
b51acee6aa7944d3b666627e29aca5b8,7,2746.0,0.2318955282944202,5.08974990062433,pads
b5f8899be4134579aa75c7625414fa25,4,769.0,0.5070140280561122,7.906233078714898,audiobook
b609372842a94db2b278d4ad7f7e366b,8,3015.0,0.0728155339805825,3.100375452794923,school
b6211411e58a4a5e8b7f0a2754d4b429,6,1657.0,0.0715746421267893,3.83101404586436,dating
b6620ed18c174f708138abb59ade11ca,7,2649.0,0.2287581699346405,3.4728515755459464,stereotype
b6683afb932a48dbaa3ba337f1ee1db1,7,3025.0,0.4655363066715813,16.565559219798477,dating
b6c08c13a3a24bfe81e6186207077368,6,1770.0,0.0463132236441194,2.2041706187632384,stereotype
b6d0746f4ec6460c96f4fa9e162193bb,7,2983.0,0.2262652993714853,5.638364600637858,school
b6e3af6257c84970bf770a3b30c573c7,7,2247.0,0.5154405086285195,7.574710927487555,animal
b75ef56faed74be0b4b59e15138e18f4,6,1740.0,0.2517048977061376,7.2869376353183215,pads
b79722adbf4c4301832af916f636ff2f,7,2051.0,0.0,1.0,audiobook
b7f82fbb0ba3481884581b9b0ba571a2,5,2238.0,0.1778115501519757,6.437524107674867,athletes
b8be5a82533b406bbf13aaa587a8d924,6,1797.0,0.4073346430910282,7.017185663111585,pads
b8f3d57696324094950711edd32a4fd4,6,1825.0,0.1571830985915493,7.619689499657946,stereotype
ba5029002a8e486f98404e68e850a3b5,8,1928.0,0.1678520625889047,7.207062113428995,animal
ba74a6b6e52d42318d8ab8ab67651632,7,2038.0,0.275698471270427,5.760661882445102,school
bac237f54fe449e18334a685c6381657,7,3069.0,0.343466107617051,13.582439577477617,dating
bb00c5e393af4908b576fa3a86b6fd01,8,2777.0,0.5431001159644375,18.17365068350961,screen
bb1c9d77d4044d218d5adebb777b9bf0,7,1971.0,0.4136094674556213,6.334004593361082,news
bb473744764a4b578bb1cee0127e627f,6,2096.0,0.2404737384140061,8.934784741412695,screen
bb820561ffe24e01ab3be7abb8d325a6,7,1623.0,0.3459196102314251,3.7382743420319673,stereotype
bbf66945de704afe9c3054b659f7c6d8,6,2021.0,0.0548780487804878,2.8716458289698577,pads
bc8d66bc301a491a86f85d44cd787293,6,1803.0,0.4075709779179811,6.038698382626403,stereotype
bce8bc77519e4247a5f545300a8c4ff9,6,3051.0,0.2168256721595837,5.654228100230212,athletes
bd00c8e367554d4287e83dee669b96ed,7,2164.0,0.3542206110823407,9.446092446824904,pads
bd374899c3cb4c83bf9b206791fbd70f,6,1544.0,0.468562874251497,5.999183194588145,stereotype
bd395e4c6ca24b7f802e1cf176ee908d,6,2378.0,0.3681672025723472,7.381977012483173,animal
bd6ab310459647bcb8f5bda6578b0d72,7,2463.0,0.1946050096339113,7.601262044520193,screen
bdd6826fee2c4f38974238932fa351f8,7,1704.0,0.2550486163051608,9.44902866528995,extremesports
be3ca3b27136433fb002393bc6f4689d,6,3075.0,0.7325534489713594,9.436269991941568,athletes
be8c96da7b8e47f8932e674803ee11ff,6,3963.0,0.104791344667697,7.110568389154768,athletes
beb2455e6a514e41a535aa51532f3d1f,7,2460.0,0.4393612429866206,15.578371356541089,news
bf7b93c441c34938b380a46cdbc1ae93,6,2477.0,0.3497942386831276,16.01998165891163,extremesports
c0ddb4d2d0554f3aacd95fcd3c4bd4eb,7,2259.0,0.155590717299578,5.677388256097501,animal
c122541b81664615bcc5f3c2bebad597,6,2012.0,0.2410848819688598,5.689507815980583,audiobook
c13c048160f341e9a45952ef2f364ddb,7,3209.0,0.2973386356684001,6.203907321587147,stereotype
c1714313080c448d857756a2e0ad6071,6,2615.0,0.1457680250783699,5.323034088716674,athletes
c189c81b229d43d08fd95cf5f8e2efd3,7,1925.0,0.3387806411062225,5.079506674963802,dating
c1cfb1257eb04d438527925f828f0024,6,2144.0,0.1604010025062656,3.8954800176755535,school
c2395534dfb74c8ab70eec8f139ed2bc,7,2847.0,0.2606774668630339,7.609757969033733,dating
c25b2c082a184e678a841035032b5468,7,3300.0,0.0334524196167586,2.5704992458443576,school
c286d6136e35488f967ec0581cc49cfd,6,1876.0,0.1109877913429522,2.7172352080585465,extremesports
c291ea51ad6c42a887c1fd2464edebe1,6,3396.0,0.0,2.2533112594497187,animal
c362a09a04644abcab777be73f508034,6,3135.0,0.0,2.275585810500319,dating
c3c6c170b591441d84438080a0493828,6,2578.0,0.0964061608670849,3.808205177576452,athletes
c42ae1a2e39e4d63ab7beaf4139150d0,8,1694.0,0.0741608118657299,3.291158544627009,animal
c499d0dc0119445abc11ed50c2826113,7,1253.0,0.4684159378036929,9.85300844099331,audiobook
c5af75674d5b4710a0bb470ff3761ad7,7,1861.0,0.1889718552556002,5.836446132991631,news
c5f794c4dc3f406abd65ff4ecd7af49a,6,2903.0,0.0809523809523809,4.53419587354703,screen
c67b81a329e94a0095f9af21bd61adec,5,1709.0,0.0858156028368794,5.282830023485509,pads
c6bf0514feec40d58281a3c276051cf0,7,1916.0,0.257537688442211,5.470912127662359,screen
c6c9790c4a044b94b6412a7abd98c8c5,7,1705.0,0.5900297619047619,10.72156690767676,pads
c6fe39f226d74fa59bd666ff93329993,4,1828.0,0.0946992257296009,2.2340312705235026,pads
c775fecac8844b6fbc25b059301c7ae8,7,1739.0,0.2451288497800125,4.965537888970538,audiobook
c790716311e749bfac75cde237a3f5b6,7,1638.0,0.3215394165114835,8.87995780044737,screen
c790c4b915e84dbf8e283b598105ea90,7,1744.0,0.4127423822714681,5.728008801406694,news
c7dc5563ed07478f9284190b6085f4d3,7,1779.0,0.2458025520483546,4.875702592243388,screen
c7e132abc4b848b2839eef154a77351c,7,2242.0,0.1365015166835187,5.14821800802176,screen
c85946d8cedc4e57be99bce987e339f2,7,2913.0,0.8340627279358133,13.313355836857,extremesports
c88c771b282d49af9c406582462da7a4,7,1417.0,0.7527131782945736,8.113770357524666,news
c95024d4d29d4d90a8aa665aef6397aa,7,1898.0,0.0,1.0,audiobook
c96be18e04be41e48542d975337fbbed,6,1763.0,0.2317073170731707,5.623107153598024,news
c9cb7242b4c44fdb97c5ecedb7d5cf4a,7,2217.0,0.19287109375,8.006908641869254,school
ca7d13566ada48419cdde536c051af35,7,1777.0,0.2733976176971072,3.7850259297284072,stereotype
cac1461058604a49824731779448358d,7,3578.0,0.5640287769784172,14.464129194363068,audiobook
cb02390d4b60449da399e645b91440d4,7,2418.0,0.1672794117647058,4.847468299850743,school
cba52478a6aa49519c88dd9db1e5473f,7,1313.0,0.3981001727115716,5.687141513658013,stereotype
cc53a2225e9b413e84efba8500f8c907,6,2930.0,0.4907473309608541,15.434205099700598,audiobook
cc85690dead449a393defdea082229c8,6,1989.0,0.234472049689441,6.521751258804128,news
cd99ed0ca6f244039d82b04f4e9fdc60,7,2085.0,0.3034634414513469,10.821509606214835,news
ce44bfa50a2f41d8820b18427056fc8f,6,1836.0,0.0409010077059869,1.2016100333351103,extremesports
ce62f7cdb323419ebd92d4dc8b61cdb1,7,1541.0,0.386938775510204,6.3786653859918365,pads
d08ae131480c41d8bfa5dc129fdd468c,7,3687.0,0.0465801886792452,4.126819801819633,animal
d142990f5b1f4cb0a8e44cb371446374,6,2654.0,0.0304526748971193,1.89465617590216,news
d1c88e2180184f86ae24fb566073920a,5,2019.0,0.3888396811337467,9.462970146000805,athletes
d33439c9f8374d128d1696448b533162,7,1917.0,0.104267963263101,7.023099714227199,school
d335521141c84360aad24ece4e5760f7,7,1386.0,0.1734539969834087,3.3679805401951413,news
d374cad6be364ca08df8064807b4696e,5,1930.0,0.2383150605885747,5.529071956115116,extremesports
d38b7aa16b1d49588816249785db335a,7,3843.0,0.6037424325811778,27.592589231098,extremesports
d40c6dfd679b4152b3f9334e56053ecf,6,2198.0,0.4378349410503751,8.844184750617691,extremesports
d4759814eb5d4d17bfcbe373d0947e58,6,2426.0,0.3995313415348565,3.861188369450035,athletes
d4b47a8a66b84e8ebdf986e6d4edf139,6,1976.0,0.2890173410404624,4.817331522044368,athletes
d4c8237fa5f842c6a882d79184a82c59,6,1343.0,0.3071786310517529,4.204988731006904,news
d53b703b2304403cb055e7913ac68728,6,2623.0,0.1132347637937252,4.654164900052737,stereotype
d53c0269a7944ab58d7e332de951b22d,6,2262.0,0.0,1.0,pads
d647f1a5ad614d4eab842e795def2f2e,7,2994.0,0.1094865691941516,5.774261706469726,news
d66ce131a9a84210aadfe68e211e29df,7,1922.0,0.3705642815590459,7.492767684681272,dating
d6f24fb3c9c84d2cab1c70387d91d739,7,2050.0,0.8685612788632326,7.67395007936461,dating
d701053d959a43399a0f3877dab22dd8,8,3446.0,0.0,1.0,athletes
d714bc54e0dc4819bafa77a93927817b,7,3104.0,0.1601496089765386,5.6232034434666165,dating
d7de4777f84246b8896f38fac0494b17,7,1793.0,0.1415327564894932,3.6491998800143937,news
d85105525355435da52d20ce7a4b7620,7,1884.0,0.1346899224806201,4.667671020995962,dating
d96bcc1feae84415a6c1abeb78195689,7,1972.0,0.2578811369509043,6.468057959579962,school
d99cfbfd0ad046c1aae83216a52334d9,7,1812.0,0.3177874186550976,5.671850815745106,stereotype
da3414296aae462498909b5fa7086161,7,2088.0,0.0,1.0,news
da52704cf8be4a04a76e7a2432de2c99,7,1769.0,0.1169504071058475,4.017965099808368,animal
da72913a2d764538a71c9607212b148c,7,3140.0,0.5119088712461167,30.174033294114643,pads
dcb51651d76c424ebd58a8802629f05c,7,2877.0,0.16775181922635,6.814524975143163,animal
dd0cbba1431349d985aca86e9e27359d,6,2290.0,0.0,1.0,animal
dd1b1b37988f4fdbb004a83d5f42ba62,7,2475.0,0.6967334818114328,11.36205307078712,extremesports
de90bdd73b72426daacc29cd1e1a2e97,8,1625.0,0.1649560117302052,4.714031931824073,school
df1fe58fe9244c8fbf1183f385d2112f,6,2835.0,0.0687888766922795,2.7432200647300937,audiobook
df7ebb6fc93c419d84052f9579fa6e0a,7,2661.0,0.0,1.0,dating
df8b3e2640104dbdadd07e6c6475bb4b,6,2739.0,0.8500193274062621,11.418759337585854,dating
e03ef85aec8b445190e519003d884092,6,2211.0,0.1192703461178671,7.662446898568665,screen
e06104f363824cd3b6c204c905c47f71,7,1832.0,0.2679830747531735,7.808160220768903,screen
e08f94cbb8024b0d86bb3365221d4290,7,2725.0,0.0,1.0,school
e09efe9c9d194f2890fdfb149d29b393,8,2748.0,0.4139150943396226,22.550160891484968,pads
e0e217d7089d4c189bdb36c865976818,7,1929.0,0.4722096701310438,7.833335877229666,audiobook
e154ac86120c4521b5355141a96706e8,7,2868.0,0.4602923745555116,22.53188265715108,extremesports
e1aca0ed8d134ee09510f62c2646be1c,7,1919.0,0.1724137931034483,4.743166901372336,school
e1f3635407a34cada54aafa852bcb52d,6,1809.0,0.1637471439451637,4.212037898518278,animal
e1fd275c34ab4aae9e3a119b0dd3f0b4,5,2138.0,0.5851553509781358,17.696513605043517,extremesports
e2cdf3ffc1fb4396a67368c8331d4f58,7,1470.0,0.3622641509433962,7.287014504080049,audiobook
e3771827917b40df9c4b10981200336d,7,2513.0,0.2134831460674157,4.943986031411318,athletes
e402dd8c98eb4f73b051a1268321cf4b,7,3321.0,0.176413881748072,7.003512194065875,screen
e601f928333c4a8d82e5fc522dbdc1d9,7,2281.0,0.2879649890590809,7.752756156003824,extremesports
e66a5afb693c47e8b30faeb12e10a7cf,7,2319.0,0.0587954110898661,1.5007626479686538,dating
e6b54867c5fb4b8a9806a93b6cee4526,7,2210.0,0.2496691662990736,4.482164131806136,stereotype
e7107e7319eb4ab18a7e3fc4445b2d91,7,1968.0,0.1536697247706422,5.041328475840549,news
e76e0164df714bae95772dba5e3d7a5f,6,2498.0,0.0372431506849315,2.1944332997528777,stereotype
e829b10c37c44068b58804a38e1f4840,5,2045.0,0.1012345679012345,4.793073556366877,animal
e888cf385adc41b09cdd5f8d486299d6,6,2170.0,0.0718349928876244,1.9523935467857256,athletes
ea10c484cd6245f6a5840eea4b4b143b,7,1930.0,0.4061203319502074,9.103685596263194,audiobook
ea22b448ed0441a093211cc71c8c35e3,7,2750.0,0.1135051943055021,5.178929776349586,news
ea6ffaefc6fe47b98a0bbbaf58f0e409,5,1559.0,0.2342406876790831,4.192521958843246,pads
ea75cd504c9c4f6e801d18aeaf2e0fd6,7,2609.0,0.049593843522873,1.926052588998827,school
ea8c98f9c0ab41d0b488acadca0e635b,6,1392.0,0.3413621262458471,5.6774776995832825,stereotype
eab0944cac644cf39767ad674d8a79cd,6,1561.0,0.2214472537053182,4.243441182247575,animal
ebe81e9a3f3943e0bbfccca97f752e41,7,2042.0,0.3190021231422505,6.994963590030072,audiobook
ec89045037c142869afb5fad66c0c912,6,1835.0,0.0674011665586519,3.159341638924132,pads
ed07606664fb45718dc42629cb072c1b,8,2179.0,0.025,2.126802136760599,school
ed28deb9482b487187772fe47682f1f4,7,1781.0,0.2482394366197183,6.249784710522933,pads
ee15d49584a54e8ab79b140e400276ea,7,2862.0,0.1767810026385224,6.494233671076589,athletes
ee27a30ee83c4349b80fc05e81c00a82,7,1997.0,0.2596253902185224,8.527998303579341,news
ee97167c47cd46aca00d02fdb8821697,7,1855.0,0.0698090692124105,5.205112394984481,audiobook
eec20f24484d418eb4ba564fbfbc2ab6,7,3082.0,0.1027880416526704,5.942982236582885,dating
eefa5bb918f543a088a6ac8680e09e9c,6,2209.0,0.0,1.0,pads
ef55c8ebb7da450e8339b2b17bcc1065,7,2067.0,0.2489795918367346,5.050164469378475,extremesports
ef5ff569f6e0458ebb10f2f277612cfe,7,2624.0,0.3991731740927882,9.427368143082711,screen
f0ca76b1be0648018bed5d7c436b46c1,8,2099.0,0.3431317128321085,7.893122008738135,animal
f1523aa1deaa487c917db18be99ac355,6,1801.0,0.0534449452672247,3.5197256549935028,extremesports
f170aa855728465589f57f1c3154f55a,7,2274.0,0.2186858316221765,5.409606967248241,dating
f1c71be96fd04e3f8008c90725349283,5,1886.0,0.0,2.3982632000998025,animal
f1d70b54c33f475192d3f503a4c6fd84,4,2189.0,0.4542483660130719,8.933969634061327,audiobook
f31675baa0db4b3384abc09724eae09f,7,2791.0,0.6338602753697093,9.449056102682633,athletes
f32c0ee4236a49dda07481052a6fd6e5,7,2458.0,0.1378982406086543,4.07917457657575,extremesports
f4a37d456e9c414c876d45673289987e,6,1536.0,0.2416787264833574,6.79091407046189,stereotype
f4d98feb9e2f478abc3817bdfef5cca0,6,2043.0,0.3243080625752106,10.530878928384595,screen
f5258cb106194b4ea243d3842e00b667,6,1855.0,0.0511124473842453,2.51283173619822,stereotype
f5649183e4c24bd785459406069e0530,7,2054.0,0.0525351252290775,3.0310986152083883,screen
f579d31e1bee4c75826e8a5f24a0f25f,7,3175.0,0.4475416182733256,18.72600695852585,athletes
f6f47e11cd064b9a9e1647878516be9e,6,2518.0,0.3782687105500451,16.219742858289873,animal
f7a0e6bf24104ad59bccabf84bf41b86,7,1913.0,0.1384210526315789,2.978779182185694,school
f84d42f7c64c4b92b75b3d718a99c8c4,8,1752.0,0.1179520414776409,4.009355238477892,school
f84ff332dc06486c9d61698be8666941,6,1960.0,0.1250773993808049,4.281845019247762,animal
f86105405d7d4c87bbfcd6b91d5d53a3,7,2401.0,0.1304732419283502,7.3151771910864545,extremesports
f86e93e1f9e8447baa49531e1fe80f04,6,2640.0,0.0693950177935943,4.269041679764667,screen
f8871519cd244b8ca5414fd211baf9d5,6,3542.0,0.2212633759061097,8.244507773008921,athletes
f8980235f9794c2c84f3308e76e93e90,7,3600.0,0.5347467608951708,9.770451860604364,school
f9ca19925c9f4e7ca77044766549ea83,7,2354.0,0.5302806499261448,9.86131498323048,screen
fa68c16d925c4ec08cbb9e393982aca9,7,2105.0,0.0,1.0,audiobook
fa70668f568445dbbce5ec1e3ac03bd9,7,3160.0,0.1077477477477477,6.424272787354624,animal
facf3f35823f4de3904d48cd6fd57216,6,2129.0,0.0,1.0,news
fb09238862134d049ff4586332fc2b61,4,2165.0,0.082441113490364,2.67713291174834,animal
fb5e90d056b14b128c73f0d7cd366304,6,2264.0,0.1513784461152882,3.6501229300815456,dating
fc53ee7c7b1c4ad1886004483d6f3184,6,1832.0,0.0,1.0,pads
fcd4884cb1ad44e0b1a1e1304cd61cb0,8,2118.0,0.3252840909090909,6.092673572390583,audiobook
fcf120025db5430b9ea948e735876591,6,2559.0,0.4467260751646648,19.13161510044434,school
fd520baa3a5a4cd3967318729d67382f,7,2340.0,0.1934137291280148,6.435091790875432,audiobook
fdd85d76a9eb42d994e75ce952202309,7,1712.0,0.1301460823373174,6.173837717855101,audiobook
fe46e037bf15417e9ee531eca61f3635,6,1968.0,0.2174163783160323,4.03479331014824,audiobook
fe677c513394449e987eb3ccce62d03c,7,2891.0,0.2745571658615137,4.980133292875189,extremesports
ffa97e9f02214fdaad83cabea410c1d9,6,1599.0,0.053903345724907,4.592472010800027,stereotype
ffe94583242c4ffca4b1546bb39ba5c2,6,1923.0,0.1977886977886978,4.500793922227939,pads
